Name,Score
Cristiano Ronaldo,89.16666666666667
L. Messi,88.72222222222223
A. Griezmann,86.0
